{
  "hash": "9ac6a5b0",
  "configHash": "d73c3e90",
  "lockfileHash": "c1e69780",
  "browserHash": "432cd325",
  "optimized": {
    "@angular/common": {
      "src": "../../../../../../node_modules/@angular/common/fesm2022/common.mjs",
      "file": "@angular_common.js",
      "fileHash": "cf5ab3ac",
      "needsInterop": false
    },
    "@angular/core": {
      "src": "../../../../../../node_modules/@angular/core/fesm2022/core.mjs",
      "file": "@angular_core.js",
      "fileHash": "cee56fe4",
      "needsInterop": false
    },
    "@angular/forms": {
      "src": "../../../../../../node_modules/@angular/forms/fesm2022/forms.mjs",
      "file": "@angular_forms.js",
      "fileHash": "86efd393",
      "needsInterop": false
    },
    "@angular/platform-browser": {
      "src": "../../../../../../node_modules/@angular/platform-browser/fesm2022/platform-browser.mjs",
      "file": "@angular_platform-browser.js",
      "fileHash": "b55c60d2",
      "needsInterop": false
    },
    "@angular/router": {
      "src": "../../../../../../node_modules/@angular/router/fesm2022/router.mjs",
      "file": "@angular_router.js",
      "fileHash": "2005db4f",
      "needsInterop": false
    },
    "@fullcalendar/angular": {
      "src": "../../../../../../node_modules/@fullcalendar/angular/fesm2020/fullcalendar-angular.mjs",
      "file": "@fullcalendar_angular.js",
      "fileHash": "ebfb6ee2",
      "needsInterop": false
    },
    "@fullcalendar/daygrid": {
      "src": "../../../../../../node_modules/@fullcalendar/daygrid/index.js",
      "file": "@fullcalendar_daygrid.js",
      "fileHash": "ee392d84",
      "needsInterop": false
    },
    "@fullcalendar/interaction": {
      "src": "../../../../../../node_modules/@fullcalendar/interaction/index.js",
      "file": "@fullcalendar_interaction.js",
      "fileHash": "5638296f",
      "needsInterop": false
    },
    "bootstrap/js/dist/tooltip": {
      "src": "../../../../../../node_modules/bootstrap/js/dist/tooltip.js",
      "file": "bootstrap_js_dist_tooltip.js",
      "fileHash": "4460733a",
      "needsInterop": true
    },
    "datatables.net": {
      "src": "../../../../../../node_modules/datatables.net/js/dataTables.mjs",
      "file": "datatables__net.js",
      "fileHash": "e4b02ab6",
      "needsInterop": false
    },
    "leaflet": {
      "src": "../../../../../../node_modules/leaflet/dist/leaflet-src.js",
      "file": "leaflet.js",
      "fileHash": "079174e9",
      "needsInterop": true
    },
    "ng-apexcharts": {
      "src": "../../../../../../node_modules/ng-apexcharts/fesm2022/ng-apexcharts.mjs",
      "file": "ng-apexcharts.js",
      "fileHash": "da478333",
      "needsInterop": false
    },
    "ngx-quill": {
      "src": "../../../../../../node_modules/ngx-quill/fesm2022/ngx-quill.mjs",
      "file": "ngx-quill.js",
      "fileHash": "6edce225",
      "needsInterop": false
    },
    "quill": {
      "src": "../../../../../../node_modules/quill/quill.js",
      "file": "quill.js",
      "fileHash": "98215397",
      "needsInterop": false
    },
    "sweetalert2": {
      "src": "../../../../../../node_modules/sweetalert2/dist/sweetalert2.esm.all.js",
      "file": "sweetalert2.js",
      "fileHash": "a24a274d",
      "needsInterop": false
    },
    "swiper": {
      "src": "../../../../../../node_modules/swiper/swiper.mjs",
      "file": "swiper.js",
      "fileHash": "cc75909f",
      "needsInterop": false
    },
    "swiper/modules": {
      "src": "../../../../../../node_modules/swiper/modules/index.mjs",
      "file": "swiper_modules.js",
      "fileHash": "88478ed3",
      "needsInterop": false
    }
  },
  "chunks": {
    "apexcharts.esm-PU3TDDQX": {
      "file": "apexcharts__esm-PU3TDDQX.js"
    },
    "ngx-quill-quill-CUw8Q_m0-5BW2NTQA": {
      "file": "ngx-quill-quill-CUw8Q_m0-5BW2NTQA.js"
    },
    "chunk-5LYUSQQQ": {
      "file": "chunk-5LYUSQQQ.js"
    },
    "chunk-YAODRMIB": {
      "file": "chunk-YAODRMIB.js"
    },
    "chunk-DNTZBGNH": {
      "file": "chunk-DNTZBGNH.js"
    },
    "chunk-C36RJ64M": {
      "file": "chunk-C36RJ64M.js"
    },
    "chunk-24LHZJRS": {
      "file": "chunk-24LHZJRS.js"
    },
    "chunk-A4FAQFGG": {
      "file": "chunk-A4FAQFGG.js"
    },
    "chunk-U2RGX24G": {
      "file": "chunk-U2RGX24G.js"
    },
    "chunk-S35DAJRX": {
      "file": "chunk-S35DAJRX.js"
    }
  }
}